{
  "project_info": {
    "project_number": "11428118647",
    "project_id": "mdiplom-df4e2",
    "storage_bucket": "mdiplom-df4e2.appspot.com"
  },
  "client": [
    {
      "client_info": {
        "mobilesdk_app_id": "1:11428118647:android:e07c1ca9bd88a2db04c672",
        "android_client_info": {
          "package_name": "com.example.mdiplom"
        }
      },
      "oauth_client": [],
      "api_key": [
        {
          "current_key": "AIzaSyCaxEDsto-mPPbbD-t4D94ypQlJLNH7Oug"
        }
      ],
      "services": {
        "appinvite_service": {
          "other_platform_oauth_client": []
        }
      }
    }
  ],
  "configuration_version": "1"
}